id,label,split,native_sr,channels,subtype,duration_s,stereo_channel_corr,peak_dbfs,clip_ratio,dc_offset,loudness_lufs,bandwidth_hz,hf_14_16k_rel_db,vad,speech_ratio,snr_vad_db,noise_floor_dbfs,dnsmos_sig,dnsmos_bak,dnsmos_ovrl,par_speech_s,inv_speech_s,overlap_ratio,par_snr_db,par_source,decision,reasons
adrsdt1,ad,test,44100,1,PCM_16,66.53,,0.0,1.0224896600733123e-06,-7.962223025970161e-05,-20.72312810475919,7536.62109375,-46.98844528198242,silero,0.5877667568379922,19.113933563232425,-39.14230728149414,3.295733263151688,3.611554119961264,2.799551122757376,52.06,9.25,0.0305416826738378,16.522396087646484,segmentation,accept,
adrsdt10,cn,test,44100,1,PCM_16,48.53,,0.0,0.0,-0.0001740523584885,-21.59197807168093,15794.6044921875,-32.76377868652344,silero,0.6760766536163199,12.344202041625977,-34.355308532714844,2.8210224143245504,3.326395627641128,2.3485224808448275,45.53,2.87,0.0004392708104546,10.28126621246338,segmentation,accept,
adrsdt11,cn,test,44100,1,PCM_16,73.55,,0.0,0.0,-5.082133793621324e-05,-19.952814041138065,9862.20703125,-45.599971771240234,silero,0.7588363240891789,16.705568313598633,-36.17017364501953,3.2119724508443865,3.511020415094151,2.675966192245234,61.17,11.73,0.0001634788294915,16.27060890197754,segmentation,accept,
adrsdt12,cn,test,44100,1,PCM_16,72.95,,-0.00026507635,0.0,-6.400763959391043e-05,-20.35508297445483,11218.798828125,-49.635765075683594,silero,0.75,27.97726058959961,-47.59063720703125,3.405362137034574,4.0415126882232615,3.110477189216516,71.72,1.12,0.0001394311210262,26.80522918701172,segmentation,accept,
adrsdt13,ad,test,44100,1,PCM_16,37.19,,0.0,0.0,-5.649721060763113e-05,-17.010490862535374,12273.92578125,-46.02678298950195,silero,0.521505376344086,10.59051513671875,-27.22132110595703,3.299520741834425,2.8983712121400647,2.5318041980589396,28.35,8.6,0.001058201058201,8.868102073669434,segmentation,accept,
adrsdt14,ad,test,44100,1,PCM_16,28.39,,-0.00026507635,0.0,-7.707499753450975e-05,-21.51876472881063,15622.3388671875,-43.286766052246094,silero,0.7678760126805213,17.134960174560547,-37.792938232421875,3.253501949677897,3.425927935953637,2.6898032179426323,22.72,4.75,0.0004401408450704,16.016199111938477,segmentation,accept,
adrsdt15,cn,test,44100,1,PCM_16,22.35,,0.0,0.0,-0.0003445907495915,-17.743937459394523,15966.8701171875,-39.47708511352539,silero,0.6353467561521253,36.25712966918945,-53.269386291503906,3.3840637817907,4.038189021335457,3.09922339592589,22.35,0.0,0.0,34.28848648071289,segmentation,accept,
adrsdt16,ad,test,44100,1,PCM_16,29.04,,-0.00026507635,0.0,-2.412147841823753e-05,-18.2218129590208,11251.0986328125,-46.91053771972656,silero,0.5304647160068847,25.62580108642578,-43.146827697753906,3.418911430619785,3.484872123720987,2.841467294013975,26.12,2.55,0.0003828483920367,23.263355255126953,segmentation,accept,
adrsdt17,cn,test,44100,1,PCM_16,53.24,,0.0,6.389289166023123e-06,1.822641206672415e-05,-12.445917199096368,8430.2490234375,-49.3016242980957,silero,0.6953418482344103,15.110410690307615,-26.781007766723633,3.061845420466046,3.2359492728404575,2.508264021066622,43.01,8.46,0.0132527319228086,14.40453052520752,segmentation,accept,
adrsdt18,ad,test,44100,2,PCM_16,116.65,0.8721750677315427,-2.8972566,0.0,1.08275548882375e-06,-30.42317789992936,15137.841796875,-25.146560668945312,silero,0.6380078861649238,9.702103614807127,-40.33280944824219,2.6773560783489767,2.5533835517049717,2.064041853513315,108.51,11.19,0.0333609805547875,4.896772861480713,segmentation,accept,
adrsdt19,ad,test,44100,1,PCM_16,66.32,,0.0,0.0,-6.798931281082332e-05,-19.259426334589634,10949.6337890625,-44.74256134033203,silero,0.5323383084577115,17.552955627441406,-36.24477005004883,3.2598049865414014,3.673466628833482,2.8055980829888,42.79,22.91,0.0014021967749474,15.029095649719238,segmentation,accept,
adrsdt2,ad,test,44100,1,PCM_16,94.01,,0.0,0.0,-4.053684824611992e-05,-16.81029871309309,11778.662109375,-46.6995964050293,silero,0.233060312732688,27.368162155151367,-43.27701950073242,2.8639080387236056,3.577672011804502,2.447099965311776,74.6,15.77,0.0001340482573726,21.92605209350586,segmentation,accept,
adrsdt20,ad,test,44100,1,PCM_16,134.73,,-0.00026507635,0.0,-5.151831283001229e-05,-31.553357231967112,21748.53515625,-45.55036926269531,silero,0.5857206471723319,17.465728759765625,-49.277198791503906,2.823998643184304,3.974091049468088,2.4920346807820684,125.8,9.75,0.006597774244833,15.06513214111328,segmentation,accept,
adrsdt21,cn,test,44100,1,PCM_16,60.19,,0.0,0.0,-3.7665682611986995e-05,-16.998221883821618,10508.203125,-47.41561508178711,silero,0.5750124605416183,24.237743377685547,-40.32999420166016,3.051016927280589,3.2000204563999826,2.455872025394477,51.04,8.51,0.0011755485893416,22.134511947631836,segmentation,accept,
adrsdt22,cn,test,44100,1,PCM_16,76.14,,0.0,0.0,-5.3458094043890014e-05,-23.074954486431484,15030.17578125,-37.761192321777344,silero,0.856467498358503,21.950044631958008,-44.80489730834961,3.4187034427498344,3.775558830033562,2.9860732975650404,70.68,4.69,0.0002829654782116,21.53275489807129,segmentation,accept,
adrsdt23,ad,test,44100,2,PCM_16,61.09,0.6266252565990205,-3.4335423,0.0,-9.419331945537124e-07,-39.63222425275177,22050.0,-20.46976089477539,silero,0.4714355868390898,6.0280938148498535,-44.17765808105469,1.969885548977946,1.761498748516117,1.4323095145030729,57.06,4.02,0.0003505082369435,2.0372750759124756,segmentation,flag,dnsmos_ovrl<1.85;snr_vad_db<7.67;par_snr_db<2.55;
adrsdt24,ad,test,44100,1,PCM_16,93.65,,0.0,0.0,-2.7265972676104863e-05,-19.710143702910127,9614.5751953125,-48.300994873046875,silero,0.5736252002135611,19.60462951660156,-39.053558349609375,3.346391911475905,3.8175799921264977,2.9408977505823306,60.93,29.67,0.000492368291482,18.729263305664062,segmentation,accept,
adrsdt25,ad,test,44100,1,PCM_16,64.85,,-0.00026507635,0.0,-2.4858709366526455e-05,-24.09760777530713,10422.0703125,-47.257110595703125,silero,0.5955905026210299,23.26453018188477,-46.574520111083984,3.1534257235123353,3.701406474084765,2.7412594010309728,59.51,5.21,0.0124348848932952,21.210968017578125,segmentation,accept,
adrsdt26,cn,test,44100,1,PCM_16,36.34,,-0.00026507635,0.0,-0.0002354078023927,-21.088657115824393,16408.30078125,-37.85850143432617,silero,0.8198074277854195,38.00049591064453,-58.77204132080078,3.6173523431452344,4.083489645184402,3.3170808267465355,35.3,0.0,0.0,37.26500701904297,segmentation,accept,
adrsdt27,cn,test,44100,1,PCM_16,101.06,,-0.00026507635,0.0,-4.557582360575907e-05,-26.17940113321489,15783.837890625,-37.881893157958984,silero,0.8185236493172373,8.48141098022461,-34.63670349121094,3.1292177102881173,3.1218066654561856,2.433828045707385,89.91,9.71,0.0002224446668891,7.966486930847168,segmentation,accept,
adrsdt28,ad,test,44100,1,PCM_16,70.19,,0.0,0.0,-3.284100239397958e-05,-34.56784747783775,22050.0,-29.00152587890625,silero,0.6340455840455841,3.129132032394409,-38.19658660888672,2.3485317645289396,1.9808272717905304,1.7503796822873712,49.37,20.3,0.0190399027749645,1.3947927951812744,segmentation,flag,dnsmos_ovrl<1.85;snr_vad_db<7.67;par_snr_db<2.55;
adrsdt29,ad,test,44100,1,PCM_16,74.89,,-0.00026507635,0.0,-5.576114199357107e-05,-25.51618389257308,15783.837890625,-37.120697021484375,silero,0.4580774365821095,15.007627487182615,-40.75257873535156,3.2232960248979623,2.957891420539576,2.460105473453528,35.65,39.68,0.0215988779803646,5.857600688934326,segmentation,accept,
adrsdt3,cn,test,44100,1,PCM_16,73.12,,-0.00026507635,0.0,-2.695727744139731e-05,-17.55445190755416,12080.126953125,-46.40423583984375,silero,0.5542943107221007,19.48268699645996,-36.181419372558594,3.4052240586736806,2.669721354528878,2.4745899202461925,72.79,0.34,0.0001373815084489,16.9755802154541,segmentation,accept,
adrsdt30,cn,test,44100,1,PCM_16,92.23,,-1.1822854,0.0,2.454052037137444e-07,-25.00827120004212,15471.6064453125,-35.49201965332031,silero,0.3437059525100293,12.32958984375,-36.83183288574219,2.4031630799365185,2.308104727850309,1.834936666055318,86.23,6.27,0.0090455757856894,7.412211418151856,segmentation,flag,dnsmos_ovrl<1.85;
adrsdt31,cn,test,44100,1,PCM_16,26.06,,-0.00026507635,0.0,-4.073091986356303e-05,-16.478443622807365,10637.40234375,-49.363319396972656,silero,0.602608362102033,27.977306365966797,-43.469444274902344,3.337851982673794,3.676993791801412,2.8816801890870605,24.5,0.82,0.0004081632653061,26.052797317504883,segmentation,accept,
adrsdt32,ad,test,44100,1,PCM_16,128.89,,0.0,5.278079116998476e-07,-5.222460822551511e-05,-21.877465755648345,10938.8671875,-46.94254302978515,silero,0.4935991931104042,26.738094329833984,-47.905616760253906,2.9994675175365884,3.962293163895859,2.6837132791965708,121.84,10.77,0.0373440577806959,23.83930397033691,segmentation,accept,
adrsdt33,ad,test,44100,2,PCM_16,68.35,0.80723137225684,-1.8891022,0.0,9.889025420761757e-08,-30.396721220883915,15826.904296875,-20.438737869262695,silero,0.1522820362785254,9.059244155883787,-36.234745025634766,1.5553886332421132,1.5708553634858438,1.3432160251302807,50.05,13.21,0.0007992007992007,2.8680360317230225,segmentation,flag,dnsmos_ovrl<1.85;
adrsdt34,ad,test,44100,1,PCM_16,35.47,,-0.00026507635,0.0,-2.3330674594035372e-05,-24.73760982126692,14664.111328125,-43.74483108520508,silero,0.5780721533258174,10.100154876708984,-34.00407028198242,3.346021794931506,3.906283240294676,3.011809266626591,22.45,7.35,0.0004454342984409,9.347978591918944,segmentation,accept,
adrsdt35,ad,test,44100,1,PCM_16,150.15,,-0.00026507635,0.0,-6.170374399516732e-05,-24.623629904283195,15794.6044921875,-39.11178207397461,silero,0.493740010655301,17.07796287536621,-41.513423919677734,2.927419229686143,3.4609937257542667,2.4228038419338067,135.51,14.28,0.0032469928418566,14.423406600952148,segmentation,accept,
adrsdt36,cn,test,44100,1,PCM_16,67.21,,-0.00026507635,0.0,-9.209965355694294e-05,-21.59676690731971,15783.837890625,-38.795204162597656,silero,0.525438857482892,18.94879722595215,-40.16035079956055,3.123809451337296,3.875795792122276,2.744043982605504,64.8,2.87,0.0118827160493827,16.36811065673828,segmentation,accept,
adrsdt37,ad,test,44100,1,PCM_16,106.68,,0.0,0.0,-3.0251652788138017e-05,-30.309009255181305,15708.4716796875,-42.15909576416016,silero,0.5082013309588528,12.839550018310549,-41.39109802246094,2.649460866570893,3.878989435834204,2.3438555629771805,67.43,39.67,0.0078600029660388,9.214844703674316,segmentation,accept,
adrsdt38,cn,test,44100,2,PCM_16,71.49,0.7030018514404016,-4.996843,0.0,-3.884630132233724e-06,-31.883905033452173,16063.76953125,-13.613964080810549,silero,0.5347601063085746,9.289514541625977,-40.38730239868164,1.8841831404612193,1.5453505609646132,1.4379224396596555,61.42,6.92,0.0013025073266037,6.262170791625977,segmentation,flag,dnsmos_ovrl<1.85;
adrsdt39,ad,test,44100,1,PCM_16,107.26,,-0.00026507635,0.0,-2.481291267031338e-05,-16.62011027957812,11864.794921875,-48.39524841308594,silero,0.3921312698116725,20.827491760253903,-36.76213455200195,2.996374118654557,3.3518133853430228,2.4562212161577035,68.27,39.03,0.0011718177823348,16.701364517211914,segmentation,accept,
adrsdt4,ad,test,44100,1,PCM_16,98.14,,-0.00026507635,0.0,1.3785309420200065e-05,-34.16102048140246,16106.8359375,-36.465972900390625,silero,0.6318524556755655,3.883375644683838,-38.02210235595703,3.1107564490967476,3.8014891440074177,2.668740669968315,89.37,7.59,0.0003356831151393,0.7091637849807739,segmentation,flag,snr_vad_db<7.67;par_snr_db<2.55;
adrsdt40,cn,test,44100,1,PCM_16,40.89,,-0.00026507635,0.0,-0.0003343842981848,-18.60991833300328,16289.8681640625,-34.41847610473633,silero,0.677427243824896,21.261795043945312,-39.20050811767578,3.4933414974119965,3.352516417438008,2.861903358461084,40.89,0.0,0.0,19.58618927001953,segmentation,accept,
adrsdt41,ad,test,44100,1,PCM_16,28.47,,0.0,2.38959855540802e-06,-1.637795321585145e-05,-13.331558378349042,7267.4560546875,-49.382835388183594,silero,0.6041447137337548,16.451326370239258,-28.68378639221191,3.5806824153377734,3.099400906299197,2.7955031718166787,28.19,0.58,0.018446257538134,14.378507614135742,segmentation,accept,
adrsdt42,cn,test,44100,1,PCM_16,35.18,,0.0,0.0,-7.674624066567048e-05,-18.63917790772263,10938.8671875,-45.645729064941406,silero,0.4521170787155442,16.053647994995117,-33.683570861816406,2.8659544308948752,3.239051749968969,2.323670210877544,28.0,6.52,0.0003571428571428,13.609075546264648,segmentation,accept,
adrsdt43,cn,test,44100,1,PCM_16,135.68,,-0.00026507635,6.685165634170689e-07,-8.702644663571846e-06,-35.99470249051865,20510.3759765625,-36.41713333129883,silero,0.2841981132075472,3.673151969909668,-36.89421463012695,1.9104068293628091,1.6236767008798827,1.4699086180333756,133.33,1.7,7.500187504687617e-05,1.1208765506744385,segmentation,flag,dnsmos_ovrl<1.85;snr_vad_db<7.67;par_snr_db<2.55;
adrsdt44,ad,test,44100,1,PCM_16,126.03,,0.0,0.0,-6.076720455894247e-05,-29.750891104213576,22039.2333984375,-34.31855010986328,silero,0.3533005395112663,13.46058750152588,-43.19673538208008,2.866233262453521,3.786084101520853,2.4413992906820754,76.49,50.54,0.0142502287880768,8.60472583770752,segmentation,accept,
adrsdt45,cn,test,44100,1,PCM_16,53.18,,0.0,0.0,-7.080918294377625e-05,-28.013980154733183,13985.8154296875,-43.270870208740234,silero,0.3815344114328695,9.406721115112305,-34.95458984375,2.8747655900114744,3.332049519552222,2.368063195836469,49.32,4.66,0.020478507704785,5.857131004333496,segmentation,accept,
adrsdt46,ad,test,44100,1,PCM_16,131.68,,-0.00026507635,0.0,-6.240321818040684e-05,-26.003006057618897,14750.244140625,-42.568756103515625,silero,0.6038882138517618,20.62669563293457,-47.188446044921875,2.8269206998814744,3.284901045576982,2.316225856245783,93.95,39.23,0.0286322511974454,14.58404541015625,segmentation,accept,
adrsdt47,cn,test,44100,1,PCM_16,100.93,,0.0,0.0,-3.33692914864514e-05,-17.319406291692072,11983.2275390625,-45.08287048339844,silero,0.7214901416823541,35.06031036376953,-52.209754943847656,3.0061665374565627,3.460003869513868,2.5432438596982077,94.3,6.19,0.0001060445387062,33.85624313354492,segmentation,accept,
adrsdt48,cn,test,44100,1,PCM_16,71.36,,0.0,2.224270669591265e-06,-9.67111100180773e-06,-19.902855278471176,10777.3681640625,-45.74396514892578,silero,0.6805380411937789,25.71942138671875,-45.00984954833984,3.216066083628784,3.5519637456484703,2.7412868302053797,63.8,6.55,0.0003134796238244,24.525815963745117,segmentation,accept,
adrsdt49,cn,test,44100,1,PCM_16,35.04,,0.0,0.0085424563315456,0.0002701975463423,-11.403014707665742,15094.775390625,-38.94288635253906,silero,0.6138698630136986,21.0074520111084,-31.76944351196289,3.062524201531568,3.5149238921148926,2.62876003429378,21.15,2.65,0.0,21.07650375366211,vad_minus_inv,flag,clip_ratio>0.001;par_source==vad_minus_inv;
adrsdt5,cn,test,44100,1,PCM_16,38.58,,-0.00026507635,0.0,-5.3386629588203505e-05,-18.274420083208163,10400.537109375,-46.295021057128906,silero,0.7887506480041472,24.55960464477539,-42.39789962768555,3.2148273424834337,3.7085619782696218,2.800307102508704,24.2,14.14,0.0020661157024793,24.356203079223633,segmentation,accept,
adrsdt50,cn,test,44100,1,PCM_16,54.38,,0.0,0.0,-0.0001031898937071,-21.586944893148424,13425.9521484375,-41.642242431640625,silero,0.3879389593675308,24.6903133392334,-46.320579528808594,2.4418400659179107,3.762008041555771,2.033755582401978,52.94,0.89,0.000188893086513,20.70493507385254,segmentation,accept,
adrsdt51,cn,test,44100,2,PCM_16,60.33,0.8583736894693477,-5.1211834,0.0,-4.935695301355736e-07,-28.806116046319055,15805.37109375,-29.53298568725586,silero,0.4625455750745774,11.994787216186523,-39.463104248046875,2.807368875795557,2.894158424972024,2.233898138763685,53.37,6.63,0.0119917556679782,8.883382797241211,segmentation,accept,
adrsdt52,cn,test,44100,1,PCM_16,61.83,,-0.00026507635,0.0,-7.919420750113204e-05,-25.871158590376165,15783.837890625,-36.85795593261719,silero,0.4386220281416788,16.38296890258789,-42.267189025878906,2.3588242973724096,3.759327307495315,2.093725180560689,53.53,8.02,0.0121427237063328,9.798322677612305,segmentation,accept,
adrsdt53,cn,test,44100,1,PCM_16,70.47,,-0.00026507635,0.0,-5.167522976989858e-05,-18.683611274320462,11057.2998046875,-44.466819763183594,silero,0.7337874272740174,24.184247970581055,-42.42045974731445,3.1445746524790583,3.5040521867265695,2.632325729880355,61.36,8.53,0.0004889178617992,23.401123046875,segmentation,accept,
adrsdt54,cn,test,44100,1,PCM_16,88.86,,0.0,0.0,-6.959353777347133e-05,-19.951291720902883,10852.734375,-44.51176071166992,silero,0.713514121750872,28.043554306030273,-47.31277084350586,3.377544103123167,3.2235745531890028,2.712336089037513,84.26,4.27,0.0001186802753382,26.657617568969727,segmentation,accept,
adrsdt55,cn,test,44100,1,PCM_16,128.21,,-0.00026507635,0.0,-7.007709791650996e-05,-29.784436356757823,14879.443359375,-38.27246856689453,silero,0.7715466812261134,4.581255912780762,-34.06680679321289,2.973711573187308,2.489556159682549,2.2204010379733217,126.13,2.54,0.0088004439863632,3.127748966217041,segmentation,flag,snr_vad_db<7.67;
adrsdt56,cn,test,44100,2,PCM_16,45.57,0.5185398495288897,-5.4289017,0.0,2.944147354355664e-06,-28.36464156996061,15794.6044921875,-33.499290466308594,silero,0.6739798157086442,10.562145233154297,-39.142051696777344,2.7626665759165205,2.517652052712235,2.1794498652228604,38.04,8.54,0.0370662460567823,7.403342247009277,segmentation,accept,
adrsdt57,ad,test,44100,1,PCM_16,128.28,,0.0,8.131192190095961e-06,-1.7323534848401323e-05,-32.784257389896254,15794.6044921875,-37.33718490600586,silero,0.3820250993842076,5.926599502563477,-38.578643798828125,2.9875501815004277,3.983036897868186,2.6209276896947107,100.05,28.09,0.0078960519740129,2.4820499420166016,segmentation,flag,snr_vad_db<7.67;par_snr_db<2.55;
adrsdt58,cn,test,44100,1,PCM_16,24.12,,0.0,0.0020832510749989,-0.0002720555348787,-14.533375568997403,15999.169921875,-34.596275329589844,silero,0.8619975134687111,28.79300880432129,-43.197715759277344,3.5505569253843805,3.486770918996674,2.999470787546856,24.13,0.0,0.0,28.15066146850586,segmentation,flag,clip_ratio>0.001;
adrsdt59,ad,test,44100,1,PCM_16,41.16,,-0.00026507635,0.0,-0.0001266980689251,-21.266043066770976,11057.2998046875,-45.066551208496094,silero,0.4809327179985426,26.479347229003903,-47.348628997802734,3.2857987654302843,4.042165716305957,2.9723559469675087,30.7,10.26,0.0006514657980456,24.53067398071289,segmentation,accept,
adrsdt6,cn,test,44100,1,PCM_16,102.39,,-0.00026507635,0.0,-7.180165994213894e-05,-23.17668252490422,15783.837890625,-40.14793395996094,silero,0.56982421875,16.51975440979004,-39.466941833496094,3.401995845093389,3.2705208649000177,2.7087402717458615,98.65,3.35,0.0002027369488089,14.307517051696776,segmentation,accept,
adrsdt60,ad,test,44100,1,PCM_16,93.8,,-0.00026507635,0.0,-5.670170139637776e-05,-20.039081210366735,11886.328125,-45.55564498901367,silero,0.5012258821021213,14.286084175109863,-33.902191162109375,3.04830522180167,3.746641969839685,2.6659943390534173,49.93,44.53,0.013018225515722,11.310482025146484,segmentation,accept,
adrsdt61,ad,test,44100,2,PCM_16,82.43,0.944483725210674,-3.2649624,0.0,-1.0391824645239468e-07,-26.150567230067953,16009.9365234375,-17.590538024902344,silero,0.3056768558951965,13.320600509643556,-37.760643005371094,2.2619999729346145,2.3624647061267376,1.7608769236704058,37.49,43.12,0.0010669511869831,11.098641395568848,segmentation,flag,dnsmos_ovrl<1.85;
adrsdt62,ad,test,44100,1,PCM_16,51.74,,0.0,0.0,-3.5946657590102404e-05,-20.15129515222228,10841.9677734375,-47.54875183105469,silero,0.4852173913043478,24.75294303894043,-44.28485107421875,3.1794495846543076,3.8027042061404366,2.790617144617148,38.49,12.48,0.0010392309690828,22.397735595703125,segmentation,accept,
adrsdt63,ad,test,44100,1,PCM_16,57.88,,0.0,0.0,-4.45408295490779e-05,-18.09885263147541,10239.0380859375,-47.76276016235352,silero,0.551217826913111,24.294233322143555,-42.16033935546875,2.909574918341252,3.8289672759587945,2.547850958286621,43.72,12.04,0.0,22.70981216430664,segmentation,accept,
adrsdt64,ad,test,44100,1,PCM_16,49.39,,-0.00026507635,0.0,-0.0001667621108936,-22.498215832741085,15676.171875,-41.10271835327149,silero,0.3622190726867787,17.735918045043945,-39.46502304077149,2.7124210839106833,3.3183609977469475,2.232299651159464,25.1,23.92,0.0011952191235059,13.525020599365234,segmentation,accept,
adrsdt65,cn,test,44100,1,PCM_16,64.88,,-0.00026507635,0.0,-9.804854926187544e-05,-22.47942376572939,14502.6123046875,-43.73121643066406,silero,0.5439272503082614,22.261240005493164,-44.274620056152344,2.6359777967211384,3.480750726598457,2.187515770786501,47.5,17.1,0.0004210526315789,20.41822052001953,segmentation,accept,
adrsdt66,cn,test,44100,1,PCM_16,117.18,,-0.00026507635,0.0,-6.025660695740953e-05,-30.488820334062904,12984.521484375,-45.944618225097656,silero,0.61942145234235,30.535181045532227,-60.68510437011719,2.593835695224308,3.844482718396628,2.247091841717743,107.86,10.23,0.0092712775820508,27.55740737915039,segmentation,accept,
adrsdt67,cn,test,44100,1,PCM_16,35.12,,0.0,0.01921866232583,-0.0024643565993756,-10.819823559676369,15536.2060546875,-37.27695846557617,silero,0.8826879271070615,29.744367599487305,-40.156368255615234,3.279216755618388,3.667967401310856,2.8238809467016717,35.12,0.0,0.0,29.20330047607422,segmentation,flag,clip_ratio>0.001;
adrsdt68,cn,test,44100,1,PCM_16,82.33,,-0.00026507635,0.0,-0.0001642815623199,-22.11045370375477,15773.0712890625,-37.00553131103515,silero,0.5677677920816129,30.40359687805176,-51.4549560546875,2.9195668911289827,3.969630708555976,2.6299952938195506,77.36,4.59,0.0055584281282316,28.20033264160156,segmentation,accept,
adrsdt69,cn,test,44100,2,PCM_16,67.72,0.40552289689013,-3.5906181,0.0,2.0795453110622475e-06,-37.31170525659753,15805.37109375,-17.995342254638672,silero,0.1919385796545105,7.555427074432373,-39.21195602416992,1.4204443118883407,1.461503581221811,1.2631997657175909,54.81,8.35,0.0001824484583105,3.1820428371429443,segmentation,flag,dnsmos_ovrl<1.85;snr_vad_db<7.67;
adrsdt7,ad,test,44100,1,PCM_16,28.81,,0.0,0.0,1.2994585176784312e-06,-18.633004268736336,11444.8974609375,-46.2672004699707,silero,0.6844845539743145,14.080723762512209,-32.4891357421875,3.38840607876253,3.093668391736464,2.6674502132123803,20.76,7.28,0.001926782273603,13.546544075012209,segmentation,accept,
adrsdt70,ad,test,44100,1,PCM_16,51.31,,0.0,0.0,-4.725465623778291e-05,-19.82083771223378,10798.9013671875,-46.04737091064453,silero,0.3566556226856363,24.502208709716797,-43.69831848144531,3.1564317044840755,3.840880250328063,2.807357086143818,45.47,5.42,0.00065977567627,20.267868041992188,segmentation,accept,
adrsdt71,ad,test,44100,1,PCM_16,75.8,,-0.00026507635,0.0,-5.110531856189482e-05,-20.304734046199,9636.1083984375,-47.579227447509766,silero,0.5913467880226883,17.745935440063477,-37.636775970458984,3.152458809481446,3.740091748701896,2.75454170496832,53.72,22.88,0.0554728220402084,15.76645278930664,segmentation,flag,overlap_ratio>0.038;
adrsdt8,ad,test,44100,1,PCM_16,144.61,,0.0,0.0,-5.269875327940099e-05,-26.9160791730677,17388.0615234375,-38.57190704345703,silero,0.1744571981745263,14.822601318359377,-41.89020538330078,2.4612846441385012,3.84546645340248,2.1132421857204164,55.21,88.56,0.0036225321499728,3.6762194633483887,segmentation,accept,
adrsdt9,ad,test,44100,1,PCM_16,55.79,,0.0,0.0,-9.826784662436694e-05,-23.550251862943544,15794.6044921875,-40.744571685791016,silero,0.7670250896057348,24.37486267089844,-47.84458923339844,3.415531996073384,4.03419283868112,3.1157007738427613,51.14,3.67,0.0101681658193195,23.524972915649418,segmentation,accept,
adrso024,ad,train,44100,1,PCM_16,235.86,,0.0,0.0,-4.455721500562504e-05,-24.910989052829574,14588.7451171875,-44.596920013427734,silero,0.3205291274484864,3.872056245803833,-27.90188217163086,2.4285210405522295,2.555604627409184,1.8755589639261812,224.8,12.68,0.0094306049822064,1.6379170417785645,segmentation,flag,snr_vad_db<7.67;par_snr_db<2.55;
adrso025,ad,train,44100,2,PCM_16,191.15,0.8911585705112839,-3.411333,0.0,-3.474666812053329e-07,-31.815139241809337,14664.111328125,-45.25810623168945,silero,0.4805398618957941,17.76410484313965,-49.398948669433594,2.7781991864252635,2.90098827448609,2.1492377147644364,176.71,21.48,0.0431214985003678,9.586067199707031,segmentation,flag,overlap_ratio>0.038;
adrso027,ad,train,44100,2,PCM_16,82.48,0.7344036566768262,-2.140468,0.0,-3.682048088649026e-07,-32.088919959452625,22039.2333984375,-19.22540283203125,silero,0.3383440417020245,14.56801414489746,-45.37761306762695,2.6531110936557765,2.5736288818579887,2.047613511317116,72.43,13.66,0.0563302498964517,8.256381034851074,segmentation,flag,overlap_ratio>0.038;
adrso028,ad,train,44100,2,PCM_16,62.21,0.6263176125802922,-4.051917,0.0,-9.39586811909976e-07,-25.184138112222783,15783.837890625,-33.832061767578125,silero,0.3712632594021215,19.202911376953125,-46.37044525146485,2.344784075614439,2.644777669886191,1.869010377068504,50.21,11.11,0.0107548297151961,2.1734354496002197,segmentation,flag,par_snr_db<2.55;
adrso031,ad,train,44100,2,PCM_16,81.18,0.9002061581789713,-2.3170817,0.0,9.825180313782766e-08,-33.71134965204517,15320.8740234375,-19.368812561035156,silero,0.45590046809559,11.845650672912598,-45.43468475341797,2.354640838371167,2.3478497432058107,1.8295653894464263,53.9,27.72,0.0081632653061224,9.709312438964844,segmentation,flag,dnsmos_ovrl<1.85;
adrso032,ad,train,44100,2,FLOAT,81.84,1.0,0.1613571,0.0,-2.446349185447616e-07,-25.79968282198191,15740.771484375,-39.02610397338867,silero,0.4551007941356139,16.812313079833984,-43.30194854736328,2.7956026738489523,3.1585270543702033,2.31066384468587,74.74,6.81,0.0009365801445009,12.417490005493164,segmentation,accept,
adrso033,ad,train,44100,2,FLOAT,80.25,0.7102268936903398,-2.0718293,0.0,-1.2008154044451658e-06,-30.973522316747825,15127.0751953125,-36.27496719360352,silero,0.2868535825545171,14.275039672851562,-42.47858428955078,2.4376592799383965,2.3252324140131595,1.9030457118521755,54.19,23.63,0.0295257427569662,3.3184022903442383,segmentation,accept,
adrso035,ad,train,44100,2,FLOAT,77.01,1.0,0.13240099,0.0,8.249234087998047e-05,-25.779248630967597,15062.4755859375,-39.13858795166016,silero,0.4365666796519932,12.116216659545898,-36.69499969482422,2.4819571999211902,2.8183923122590806,1.9796795325518497,56.86,20.18,0.0188181498417164,5.181650638580322,segmentation,accept,
adrso036,ad,train,44100,1,PCM_16,41.48,,0.0,0.0,-0.0001538554643047,-20.59890010468585,14987.109375,-40.13990020751953,silero,0.5861653410460352,26.563343048095703,-46.887821197509766,3.2169786175112236,3.8264235187491966,2.854741384966198,24.4,16.59,0.0024590163934426,24.93295669555664,segmentation,accept,
adrso039,ad,train,44100,2,FLOAT,71.44,0.7036902996577836,-2.3757331,0.0,2.4108283469104208e-05,-27.6225172197923,15633.10546875,-39.61785125732422,silero,0.0979706088173548,7.622570037841797,-34.098609924316406,2.1586379239529885,3.453860829314217,1.8857693868254215,49.64,21.5,0.0004029008863819,-0.7343200445175171,segmentation,flag,snr_vad_db<7.67;par_snr_db<2.55;
adrso043,ad,train,44100,1,PCM_16,126.85,,0.0,0.0,-5.636729474645108e-05,-23.797864192196283,6449.1943359375,-41.379615783691406,silero,0.3084745762711864,22.255054473876953,-44.892913818359375,2.896872052520479,4.004679698788134,2.492105212881403,88.06,39.98,0.0249829661594367,16.636701583862305,segmentation,accept,
adrso045,ad,train,44100,1,PCM_16,219.5,,0.0,0.0,-4.07356237701606e-05,-20.66227773119247,11627.9296875,-45.9635009765625,silero,0.6799088838268793,20.134143829345703,-41.21038055419922,3.2388833822591376,3.8726921961122303,2.870126668234777,165.14,68.38,0.0888337168463122,19.375856399536133,segmentation,flag,overlap_ratio>0.038;
adrso046,ad,train,44100,2,PCM_16,101.29,0.9091291184389292,-2.8566494,0.0,-6.034613164729309e-08,-30.508177306014822,15805.37109375,-18.545394897460938,silero,0.4998025666337611,14.572315216064451,-43.7637939453125,2.8143344209605257,2.5212276973893277,2.0993428274963652,71.2,29.59,0.0066011235955056,12.312555313110352,segmentation,accept,
adrso047,ad,train,44100,1,PCM_16,60.32,,-0.00026507635,0.0,-1.0411175026092678e-05,-26.846988231256425,15783.837890625,-33.03559875488281,silero,0.5936671087533156,6.37207555770874,-33.651493072509766,2.579044672835277,2.256776043346438,1.9459080436905625,49.87,10.47,0.0008020854220974,5.216311931610107,segmentation,flag,snr_vad_db<7.67;
adrso049,ad,train,44100,1,PCM_16,163.6,,0.0,0.0,-4.1006489482242614e-05,-24.505175002364066,10174.4384765625,-46.28723907470703,silero,0.3625084041317767,18.450681686401367,-42.925758361816406,3.0761889631756185,3.8265366647669063,2.663785666175042,123.71,40.3,0.0066284051410556,13.126731872558594,segmentation,accept,
adrso053,ad,train,44100,1,PCM_16,186.93,,0.0,0.0,-7.671098137507215e-05,-20.15805999508341,15783.837890625,-37.69353103637695,silero,0.3542847972611533,21.950775146484375,-41.51108169555664,2.9351193802347484,3.64242564668221,2.529576157648627,179.42,9.02,0.008583212573849,17.67880630493164,segmentation,accept,
adrso054,ad,train,44100,2,PCM_16,157.72,0.8013449213677261,-2.476361,0.0,2.1039707007730613e-06,-28.612527222981353,13113.720703125,-52.85133743286133,silero,0.2094217600811564,11.700549125671388,-36.713008880615234,1.824173993187591,1.801051912401355,1.477650197319871,86.36,75.75,0.0574339972209356,0.794548749923706,segmentation,flag,dnsmos_ovrl<1.85;overlap_ratio>0.038;par_snr_db<2.55;
adrso055,ad,train,44100,1,PCM_16,99.06,,-0.00026507635,0.0,-7.383331831078976e-05,-21.098307125730347,14911.7431640625,-42.80645751953125,silero,0.4493236422370281,19.84810256958008,-41.073753356933594,2.9047531531029263,3.8779688938909977,2.546104336975385,88.04,10.7,0.0178328032712403,16.696929931640625,segmentation,accept,
adrso056,ad,train,44100,2,FLOAT,268.49,0.6969618861847134,-3.671122,0.0,3.514289710437879e-05,-29.14959990135047,15051.708984375,-43.67381286621094,silero,0.1651458154866103,8.803194999694824,-36.442176818847656,2.085805016576818,2.775285557861844,1.762171631738456,217.32,50.66,0.0044634640161973,3.2982325553894043,segmentation,flag,dnsmos_ovrl<1.85;
adrso059,ad,train,44100,1,PCM_16,45.94,,-0.00026507635,0.0,-4.7719786380184814e-05,-18.260770429804953,12952.2216796875,-45.89859390258789,silero,0.5616974972796518,29.524972915649418,-47.334449768066406,3.072083917871208,3.3494960604710564,2.549390063908058,33.01,12.88,0.0006058770069675,28.390729904174805,segmentation,accept,
adrso060,ad,train,44100,1,PCM_16,60.55,,-0.00026507635,0.0,-0.000190642196685,-23.865656828372337,15708.4716796875,-43.56935119628906,silero,0.3049867899603699,22.91547966003418,-45.56177520751953,2.733559408097703,3.9010116726526265,2.391024502174943,48.87,12.54,0.0321260487006343,18.69355583190918,segmentation,accept,
adrso063,ad,train,44100,2,FLOAT,51.7,0.9225359592202882,-2.1171722,0.0,7.29763360141078e-06,-22.470750854926543,15783.837890625,-34.4993782043457,silero,0.267504835589942,12.563706398010254,-33.34252166748047,2.658429332630039,3.157216679027066,2.2401969996286852,38.47,10.31,0.0012997140629061,7.554767608642578,segmentation,accept,
adrso068,ad,train,44100,1,PCM_16,51.22,,0.0,0.0,-4.1059312934521586e-05,-20.502725096966273,13167.5537109375,-46.11366271972656,silero,0.4940464571540113,25.49197006225586,-45.68301773071289,3.46822901842577,3.9583301319341833,3.1222670384108095,48.4,4.83,0.043595041322314,22.642793655395508,segmentation,flag,overlap_ratio>0.038;
adrso070,ad,train,44100,1,PCM_16,65.87,,0.0,2.0654336257413616e-05,-8.249873644672334e-06,-35.20608341213963,15514.6728515625,-39.54940032958984,silero,0.3750758955676988,1.594451665878296,-38.300540924072266,2.800165786675619,3.8837854113706136,2.3493486784669235,40.49,21.2,0.001728821931341,-1.140888810157776,segmentation,flag,snr_vad_db<7.67;par_snr_db<2.55;
adrso071,ad,train,44100,1,PCM_16,62.77,,0.0,0.0,-5.831529415445402e-05,-20.1843444617882,11810.9619140625,-42.205352783203125,silero,0.5595029472678031,20.672090530395508,-40.08686447143555,2.884553209921821,3.252384365964241,2.3280689430910573,52.07,10.18,0.0003840983291722,18.70772933959961,segmentation,accept,
adrso072,ad,train,44100,1,PCM_16,41.48,,0.0,0.0,-4.758055729325861e-05,-18.097531069114613,10906.5673828125,-46.728328704833984,silero,0.7618129218900676,21.544891357421875,-39.21405029296875,3.5438017205279424,3.891592895421736,3.176116120668489,30.98,9.05,0.0009683666881859,21.400833129882812,segmentation,accept,
adrso074,ad,train,44100,1,PCM_16,75.96,,-0.00026507635,0.0,-3.372342325747013e-05,-19.439828092154176,3746.77734375,-50.40938949584961,silero,0.4936808846761453,15.529637336730955,-33.755123138427734,3.417943684444293,3.1425898929902125,2.6474247127049706,70.97,3.8,0.0001409046075806,12.859092712402344,segmentation,accept,
adrso075,ad,train,44100,1,PCM_16,40.46,,-0.00026507635,0.0,-3.548911263351329e-05,-20.030487286084664,11854.0283203125,-47.374732971191406,silero,0.5460835186557944,25.36077880859375,-45.04349136352539,3.267935620070321,3.833176901935736,2.9018101410709782,30.69,9.44,0.0009775171065493,23.884037017822266,segmentation,accept,
adrso077,ad,train,44100,1,PCM_16,52.03,,0.0,0.0,-0.0001830907131079,-33.10424776326731,15794.6044921875,-30.46277236938477,silero,0.4496541122213682,4.819277763366699,-35.993560791015625,2.540235145740467,2.7696053542339336,1.9890013203535928,43.76,8.91,0.0335923217550274,2.864799737930298,segmentation,flag,snr_vad_db<7.67;
adrso078,ad,train,44100,2,FLOAT,136.1,1.0,0.0,0.0,8.52295670483727e-07,-21.36805644908579,14761.0107421875,-40.02745819091797,silero,0.3035268185157972,14.094490051269531,-34.53913879394531,2.557923214419669,3.172176589947585,2.2150647869839273,105.31,30.66,0.000569746462824,10.24870491027832,segmentation,accept,
adrso089,ad,train,44100,1,PCM_16,47.33,,0.0,0.0,-4.02219156967476e-05,-19.452374444057423,10346.7041015625,-48.7005615234375,silero,0.737220109843684,28.72736930847168,-47.51039123535156,3.336569622432951,4.106743816685135,3.077154862510425,44.25,2.73,0.0002259887005649,27.635271072387695,segmentation,accept,
adrso090,ad,train,44100,2,FLOAT,88.4,0.7721018729043112,-2.2604768,0.0,-3.75314357370371e-06,-28.18520049470079,15223.974609375,-40.7847900390625,silero,0.173076923076923,12.70942211151123,-39.45760345458984,1.991697872093625,3.7205723486744966,1.7694334676228205,47.12,41.42,0.0106112054329371,5.856413841247559,segmentation,flag,dnsmos_ovrl<1.85;
adrso092,ad,train,44100,1,PCM_16,39.91,,0.0,0.0,-5.671072722179815e-05,-14.92956775980563,9711.474609375,-48.4195556640625,silero,0.8068153345026309,15.910840034484863,-30.174808502197266,3.2970001824051858,3.1336533524514296,2.5980104449864516,31.53,11.09,0.1065651760228354,15.482969284057615,segmentation,flag,overlap_ratio>0.038;
adrso093,ad,train,44100,1,PCM_16,70.27,,-0.00026507635,0.0,-4.822844493901357e-05,-19.30645542966859,11186.4990234375,-46.54558181762695,silero,0.6748256724064323,14.547175407409668,-33.0185546875,3.42453196955119,3.822811515781069,3.0225474091311524,62.5,8.34,0.02416,13.255500793457031,segmentation,accept,
adrso098,ad,train,44100,1,PCM_16,82.29,,0.0,0.0042202138737705,-0.0002974249364342,-11.478294955083731,4748.0712890625,-49.67317581176758,silero,0.5740673228824887,21.9491024017334,-32.56190872192383,2.928151972339108,2.9680352143700808,2.3544942411578,62.14,20.71,0.0336337302864499,19.79718017578125,segmentation,flag,clip_ratio>0.001;
adrso106,ad,train,44100,1,PCM_16,81.42,,-0.00026507635,0.0,-5.104317096993327e-05,-21.442084675082818,12392.3583984375,-45.774757385253906,silero,0.5513938351958737,15.113015174865724,-35.785640716552734,2.9517599403027224,3.7161134830326654,2.5554861806971565,75.72,5.63,0.0006603275224511,12.669801712036133,segmentation,accept,
adrso109,ad,train,44100,1,PCM_16,93.62,,0.0,0.0,-3.78108088625595e-05,-23.573426157657902,14621.044921875,-41.73853302001953,silero,0.6156804101687674,12.839799880981444,-35.65526580810547,3.4429778126825745,3.207155977542521,2.729749388360395,77.29,17.83,0.0421788070901798,10.785322189331056,segmentation,flag,overlap_ratio>0.038;
adrso110,ad,train,44100,1,PCM_16,80.3,,-0.00026507635,0.0,-4.355080091045238e-05,-16.55421749330131,8710.1806640625,-49.82648849487305,silero,0.4546699875466998,31.141223907470703,-47.255409240722656,3.2046932132031674,4.000348087671027,2.9097400794524635,73.25,5.21,0.0002730375426621,28.10055160522461,segmentation,accept,
adrso112,ad,train,44100,1,PCM_16,57.65,,0.0,0.0,-4.835751678911038e-05,-18.785390716067063,12747.65625,-46.859230041503906,silero,0.5173430454387791,25.0954647064209,-43.36601638793945,3.3581757938997145,3.1518438055528937,2.680801386283643,49.95,7.2,0.0002002002002002,22.720043182373047,segmentation,accept,
adrso116,ad,train,44100,1,PCM_16,116.94,,-0.00026507635,0.0,-5.078607864561491e-05,-15.63802136117169,12801.4892578125,-47.58041763305664,silero,0.383326207781103,24.1373348236084,-39.22142791748047,3.0019896498081624,3.2973515647123506,2.4391591779842368,69.32,47.42,0.0040392383150605,19.545551300048828,segmentation,accept,
adrso122,ad,train,44100,1,PCM_16,54.96,,0.0,1.2377269062850949e-05,3.5401175409788266e-05,-17.627487832740744,12316.9921875,-48.69840240478515,silero,0.4295070038202656,19.458364486694336,-37.20219802856445,2.881742594150847,3.5223452694970256,2.4182556762517513,20.01,35.11,0.0279860069965017,17.861743927001953,segmentation,accept,
adrso123,ad,train,44100,1,PCM_16,65.17,,0.0,0.0,-3.222251689294353e-05,-20.82715669348319,12919.921875,-46.96088790893555,silero,0.3437164339419978,23.467334747314453,-43.188724517822266,2.4615687585353365,3.1069730463829357,1.9691257446892825,34.38,30.5,0.0005817335660267,21.03478240966797,segmentation,accept,
adrso125,ad,train,44100,1,PCM_16,53.5,,0.0,0.0,-4.362563413451426e-05,-26.01563693749724,10669.7021484375,-44.92683029174805,silero,0.6601869158878505,12.929052352905272,-38.53182220458984,3.2381091530438764,3.917626186316891,2.8786083381658893,44.0,11.2,0.0531818181818181,11.499258041381836,segmentation,flag,overlap_ratio>0.038;
adrso126,ad,train,44100,1,PCM_16,55.69,,0.0,0.0,-2.0408786440384578e-05,-25.378268275529113,12930.6884765625,-43.177772521972656,silero,0.525228945950799,13.795146942138672,-38.445701599121094,3.029603977353006,3.035995622326144,2.323474227632812,44.71,10.75,0.0004473272198613,10.67712688446045,segmentation,accept,
adrso128,ad,train,44100,1,PCM_16,96.68,,0.0,0.0,-3.7660254747606814e-05,-20.43212116730376,11778.662109375,-45.50083923339844,silero,0.2286925941249482,25.908374786376953,-44.93732452392578,2.443644519606165,3.2792742069196827,1.9699009978125783,50.94,28.03,0.0060855908912446,20.668832778930664,segmentation,accept,
adrso130,ad,train,44100,1,PCM_16,35.26,,0.0,0.0,-4.837942469748669e-05,-16.546529849812593,12435.4248046875,-47.14166641235352,silero,0.5588318684434364,21.559450149536133,-37.70463562011719,3.2044700757516646,3.6354124957149434,2.7537085571304294,19.53,15.35,0.0015360983102918,19.926902770996097,segmentation,accept,
adrso134,ad,train,44100,1,PCM_16,43.81,,0.0,0.0,-0.0001331195380771,-21.855530059809045,10120.60546875,-42.08965301513672,silero,0.4633645286464277,19.6435546875,-40.6580810546875,2.9105274120381717,3.596005506373635,2.4287607116765715,28.75,14.86,0.0003478260869565,17.200153350830078,segmentation,accept,
adrso138,ad,train,44100,1,PCM_16,69.89,,0.0,0.0,-3.206872861483134e-05,-19.689619178491135,12133.9599609375,-45.47214889526367,silero,0.5881258941344778,25.65992546081543,-44.71436309814453,3.0956001180104207,3.3451908043106826,2.536398162834705,51.26,19.19,0.0177526336324619,24.339000701904297,segmentation,accept,
adrso141,ad,train,44100,1,PCM_16,41.48,,0.0,0.0,-4.3866522901225835e-05,-19.526983954547593,10239.0380859375,-45.06122970581055,silero,0.4484088717454195,15.589044570922852,-34.13057327270508,2.9740566614858515,3.2893012027178483,2.4423800220367324,25.61,16.59,0.0281140179617336,13.942938804626465,segmentation,accept,
adrso142,ad,train,44100,1,PCM_16,35.66,,0.0,5.278602073536651e-05,7.502725111407926e-06,-14.890710440759689,11240.33203125,-45.7813606262207,silero,0.639652271452608,16.042888641357422,-30.498788833618164,3.1887277517921904,2.5539983442693943,2.2862527902151717,21.13,14.31,0.0042593469001419,15.9603271484375,segmentation,accept,
adrso144,ad,train,44100,1,PCM_16,76.35,,-0.00026507635,0.0,-2.987354855576996e-05,-18.370552221235883,11595.6298828125,-46.88877487182617,silero,0.4508185985592665,27.367448806762695,-44.77680587768555,2.9781104097806628,3.417080644366864,2.4930025355047953,51.77,24.02,0.0015452965037666,24.69151306152344,segmentation,accept,
adrso187,ad,train,44100,1,PCM_16,81.29,,-0.00026507635,0.0,-5.7929399190470576e-05,-23.743416340294125,9991.40625,-46.957244873046875,silero,0.710209102091021,10.907572746276855,-34.41648864746094,3.290730316007423,3.5565017376201333,2.766098670429111,65.55,14.78,0.0013729977116704,9.98391819000244,segmentation,accept,
adrso188,ad,train,44100,1,PCM_16,82.8,,-0.00026507635,0.0,-3.125552393612452e-05,-20.81131836590264,10594.3359375,-44.49638748168945,silero,0.2174858108924043,18.299638748168945,-37.052921295166016,2.2705813913833803,2.676099855724232,1.766494094100196,70.74,11.89,0.0004240882103477,11.684026718139648,segmentation,flag,dnsmos_ovrl<1.85;
adrso189,ad,train,44100,2,FLOAT,54.54,0.8189619363695217,-3.5851703,0.0,0.0001855275040725,-27.35719266565535,21748.53515625,-37.34482192993164,silero,0.5169569202566453,11.752148628234863,-39.61906051635742,2.17585132593762,2.082740933501709,1.661743168165546,46.08,8.5,0.0203993055555555,4.405190467834473,segmentation,flag,dnsmos_ovrl<1.85;
adrso190,ad,train,44100,2,FLOAT,112.14,0.611378997550776,-4.428847,0.0,-3.836898656572885e-07,-28.74675116382907,15805.37109375,-30.53885269165039,silero,0.4703522068658047,14.223730087280272,-42.940067291259766,2.370533166026138,2.7227314800365026,1.9169163801061424,103.78,8.14,0.0005781460782424,11.070389747619627,segmentation,accept,
adrso192,ad,train,44100,2,FLOAT,113.82,0.9301439064241538,-1.789957,0.0,1.0248974149362766e-06,-26.26457426665362,12284.6923828125,-49.31937789916992,silero,0.4123176946055175,10.140872955322266,-36.03181457519531,2.75807435537749,2.338300211360544,2.002695640917501,83.19,29.96,0.0002404135112393,5.391603469848633,segmentation,accept,
adrso197,ad,train,44100,2,FLOAT,78.73,0.6757447221007679,-2.152408,0.0,1.2446016626199707e-06,-27.66356180042535,15223.974609375,-28.73186492919922,silero,0.4193548387096774,12.293309211730955,-41.109169006347656,2.1521334653207154,2.1805095822636007,1.6791338088632817,72.63,6.13,0.000275368305108,8.387060165405273,segmentation,flag,dnsmos_ovrl<1.85;
adrso198,ad,train,44100,1,PCM_16,126.63,,0.0,0.0,-9.10413800738752e-05,-19.29810938399768,14944.04296875,-38.53482818603515,silero,0.2734523057485786,21.356876373291016,-39.48067092895508,2.550101931673424,3.7127965118753945,2.1866669456982293,74.95,51.89,0.0092061374249499,16.75790786743164,segmentation,accept,
adrso200,ad,train,44100,2,PCM_16,139.46,0.924475256725454,-2.7519503,0.0,1.479217075939232e-06,-27.920838997630835,15837.6708984375,-18.065671920776367,silero,0.4592714756919547,18.080791473388672,-44.83667755126953,3.3479540976805753,3.1142284963184936,2.596153303345726,118.22,20.53,0.013534088986635,15.127025604248049,segmentation,accept,
adrso202,ad,train,44100,2,FLOAT,108.54,0.617382736979557,-2.0011709,0.0,1.4710583855048752e-05,-29.571486421670787,14857.91015625,-36.43308639526367,silero,0.1779988944168048,8.341110229492188,-36.028018951416016,2.3219215431959492,3.3601860063492284,2.0178218236285814,101.19,6.96,0.0001976479889317,0.3820950984954834,segmentation,flag,par_snr_db<2.55;
adrso205,ad,train,44100,1,PCM_16,74.63,,-0.00026507635,0.0,-4.330157389631495e-05,-22.160312929506357,11014.2333984375,-46.61680603027344,silero,0.6512126490687391,25.94517517089844,-47.51877212524414,3.224576217701046,3.8880901624612303,2.8717287614980815,57.38,23.82,0.1188567445102823,24.018239974975582,segmentation,flag,overlap_ratio>0.038;
adrso206,ad,train,44100,1,PCM_16,86.98,,0.0,0.0,-8.404495019931346e-05,-25.08046960300203,14954.8095703125,-43.360389709472656,silero,0.5450678316854449,24.139205932617188,-49.70215606689453,2.937870470874518,3.9473212518446696,2.6139179427094503,72.13,14.52,0.0011091085539997,21.98628616333008,segmentation,accept,
adrso209,ad,train,44100,1,PCM_16,140.84,,-0.00026507635,0.0,-3.552130874595605e-05,-22.496931597692484,8893.212890625,-45.20256423950195,silero,0.2918707845225417,23.78530502319336,-45.73750305175781,2.168839009867361,3.2616763609310775,1.7828422867866829,81.82,58.53,0.0014666340747983,14.304617881774902,segmentation,flag,dnsmos_ovrl<1.85;
adrso211,ad,train,44100,1,PCM_16,70.21,,-0.00026507635,0.0,-4.7037006879691035e-05,-24.712085235502368,11907.861328125,-44.05375671386719,silero,0.7106237539162632,10.653533935546877,-35.34266662597656,3.267130413206494,3.684103115316661,2.822253528359249,52.6,17.52,0.0009505703422053,9.727472305297852,segmentation,accept,
adrso212,ad,train,44100,2,FLOAT,113.74,0.8113487854554045,-3.3229115,0.0,2.094910087180324e-06,-28.371645984957425,15783.837890625,-35.572654724121094,silero,0.3333040267276244,12.609835624694824,-40.60051727294922,2.6937362886370297,3.1321383649733905,2.1581678007924943,83.15,31.28,0.0110643415514131,4.3847198486328125,segmentation,accept,
adrso215,ad,train,44100,2,FLOAT,84.38,0.960864499792704,-1.5076663,0.0,7.083726245582511e-07,-24.05647039181176,12187.79296875,-41.71357727050781,silero,0.4633799478549419,21.772125244140625,-45.76768493652344,2.9005724942109614,3.3772390239609553,2.3559736360379016,69.17,16.76,0.0231314153534769,19.22876739501953,segmentation,accept,
adrso216,ad,train,44100,1,PCM_16,224.56,,-0.00026507635,0.0,-6.248705903999507e-05,-22.947478402293104,9539.208984375,-44.83972930908203,silero,0.1503317451128824,23.59454917907715,-44.81224060058594,2.3572307115128743,3.755846084782951,1.9921477842323836,198.8,24.79,0.0003018108651911,14.617334365844728,segmentation,accept,
adrso218,ad,train,44100,1,PCM_16,59.72,,-0.00026507635,0.0,-2.3122542188502848e-05,-19.17803840622918,9216.2109375,-40.54582977294922,silero,0.4337853674870249,24.01201629638672,-42.33989715576172,2.6324935775768172,3.845895369658322,2.28727224360076,39.56,19.81,0.0007583417593528,21.901309967041016,segmentation,accept,
adrso220,ad,train,44100,2,FLOAT,126.64,1.0,-0.0002246931,0.0,-2.985571825320221e-07,-22.22540632096682,7127.490234375,-51.18775177001953,silero,0.2671140939597315,17.93459701538086,-39.94572448730469,2.9178681782327733,3.6756765330551353,2.4718415811987535,94.0,31.93,0.0096808510638297,10.992216110229492,segmentation,accept,
adrso222,ad,train,44100,1,PCM_16,48.77,,-0.00026507635,0.0,-3.8399572076741606e-05,-20.41292979598671,15783.837890625,-37.080299377441406,silero,0.7055566946893582,14.02271842956543,-34.120811462402344,3.211275879994609,3.4473554367191084,2.6651400625417216,37.44,11.24,0.0301816239316239,12.91351318359375,segmentation,accept,
adrso223,ad,train,44100,1,PCM_16,102.6,,-0.00026507635,0.0,-3.370366903254762e-05,-30.015588920453546,15783.837890625,-35.566925048828125,silero,0.4834811421888705,9.364192962646484,-40.20490646362305,2.535387136588213,3.439127256086968,2.0778880467514327,63.96,37.32,0.0018761726078799,1.9688091278076172,segmentation,flag,par_snr_db<2.55;
adrso224,ad,train,44100,1,PCM_16,66.89,,-0.00026507635,0.0,-1.0826345260284145e-06,-25.728167915206644,15794.6044921875,-36.67761993408203,silero,0.626457399103139,16.40338897705078,-42.28095245361328,3.163721229783546,3.549422707297036,2.660398080862991,62.03,4.62,0.0025793970659358,14.42268180847168,segmentation,accept,
adrso228,ad,train,44100,1,PCM_16,67.7,,0.0,0.0,-8.458862430416048e-05,-25.57493596990906,15040.9423828125,-35.105712890625,silero,0.4327278097769901,11.415306091308594,-35.5442008972168,3.1930425257933157,3.2106829712208924,2.552786247437179,57.86,10.15,0.0091600414794331,8.317143440246582,segmentation,accept,
adrso229,ad,train,44100,1,PCM_16,108.62,,-0.00026507635,6.263102933261627e-07,-3.4748394682537764e-05,-20.847945780386368,12715.3564453125,-44.79313659667969,silero,0.5893942183759897,24.58690643310547,-45.13621520996094,3.0284158501035807,3.1723995687935456,2.412521017155467,82.48,26.15,0.0067895247332686,18.054311752319336,segmentation,accept,
adrso232,ad,train,44100,1,PCM_16,85.72,,-0.00026507635,0.0,-3.485150955384597e-05,-23.43642907616314,11864.794921875,-45.39338684082031,silero,0.5181383413040942,26.17466926574707,-48.8511962890625,3.0336320826888805,3.424271799002547,2.5047183840322407,76.18,9.23,0.0086636912575479,23.273845672607425,segmentation,accept,
adrso233,ad,train,44100,1,PCM_16,92.13,,-0.00026507635,0.0,-2.131205110345036e-05,-29.84085856338451,15826.904296875,-36.95136260986328,silero,0.516009985889504,8.036459922790527,-38.08262252807617,3.083408690709868,3.6440837258909298,2.575218308195627,79.33,13.92,0.0185301903441321,3.7166426181793217,segmentation,accept,
adrso234,ad,train,44100,1,PCM_16,71.88,,-0.00026507635,0.0,-5.600398071692325e-05,-25.716494911527576,15783.837890625,-36.1827392578125,silero,0.4481847266657393,17.9680233001709,-45.55166244506836,1.9596028785742132,2.9994617108670916,1.5554826828403303,60.17,13.08,0.030580023267409,9.286920547485352,segmentation,flag,dnsmos_ovrl<1.85;
adrso236,ad,train,44100,1,PCM_16,51.3,,-0.00026507635,0.0,-2.0488358131842688e-05,-20.647136932491176,13942.7490234375,-43.26892852783203,silero,0.4346978557504873,29.232919692993164,-49.147987365722656,2.941268779331777,3.6912414653291217,2.544248757564819,35.09,16.58,0.0105443146195497,24.780872344970703,segmentation,accept,
adrso237,ad,train,44100,1,PCM_16,55.92,,-0.00026507635,0.0,6.695623596897349e-05,-20.637827157585473,10992.7001953125,-47.4477424621582,silero,0.5363847666726265,11.772337913513184,-31.91654396057129,3.3059512296993794,3.7340125659653056,2.866029144780879,39.83,16.55,0.0321365804669846,9.975038528442385,segmentation,accept,
adrso244,ad,train,44100,2,PCM_16,81.57,0.9827885476779752,-2.9605756,0.0,2.8755776426692137e-08,-19.221551687942767,12403.125,-44.16856384277344,silero,0.6048792448203997,16.352476119995117,-34.740238189697266,3.4233390905887693,2.706066451302102,2.526684957496465,74.66,8.88,0.027323868202518,14.230195999145508,segmentation,accept,
adrso245,ad,train,44100,1,PCM_16,46.05,,-0.00026507635,0.0,-0.0001225212035933,-23.446451050931973,9130.078125,-45.00037384033203,silero,0.6224489795918368,18.439470291137695,-40.897125244140625,2.953832006459994,3.9035746670951985,2.6393083076817723,32.31,14.7,0.0334261838440111,16.629859924316406,segmentation,accept,
adrso246,ad,train,44100,1,PCM_16,56.92,,0.0,0.0,-4.103915489395149e-05,-16.79244388858751,10766.6015625,-48.27988052368164,silero,0.5975052705551651,20.31971740722656,-36.44084548950195,3.4206329877002823,3.452065314814208,2.830586436008177,47.52,9.12,0.0006313131313131,18.75136375427246,segmentation,accept,
adrso247,ad,train,44100,1,PCM_16,73.42,,0.0,0.0,-4.2845775169553235e-05,-20.997752796872216,14664.111328125,-44.072322845458984,silero,0.4548549639112079,26.26443099975586,-46.877838134765625,3.1830802125184734,3.921081145551374,2.8137919972164314,62.52,10.11,0.000639795265515,23.4791259765625,segmentation,accept,
adrso248,ad,train,44100,1,PCM_16,75.91,,0.0,0.0,-0.0001980799570446,-21.696105859838013,14944.04296875,-39.752071380615234,silero,0.446844947964695,18.55691146850586,-39.251766204833984,3.002000628748207,3.933972526358942,2.705026734925002,74.9,1.01,0.0,15.190937042236328,segmentation,accept,
adrso249,ad,train,44100,1,PCM_16,42.81,,-0.00026507635,0.0,-3.887876300723292e-05,-19.650072603817325,12693.8232421875,-46.65614700317383,silero,0.5141322120999766,20.44521141052246,-39.763389587402344,3.117613501010061,3.6020067207016164,2.6735090479895014,24.48,18.88,0.0522875816993464,19.621440887451172,segmentation,flag,overlap_ratio>0.038;
adrso250,ad,train,44100,1,PCM_16,84.86,,0.0,0.0,-0.0002254804276162,-25.59559068198655,15116.30859375,-40.64617919921875,silero,0.550488983150701,10.94905948638916,-35.485652923583984,2.7050613249553574,3.745543172083608,2.389633138488088,73.27,7.4,0.0139211136890951,8.495396614074707,segmentation,accept,
adrso253,ad,train,44100,1,PCM_16,70.14,,0.0,0.0,-3.30203547491692e-05,-18.49352849867265,12672.2900390625,-46.865081787109375,silero,0.503706871970345,33.490394592285156,-51.86395263671875,3.1106553351108612,3.8445420604298026,2.7458615762984646,63.51,3.43,0.0004723665564478,30.935882568359375,segmentation,accept,
adrso002,cn,train,44100,1,PCM_16,78.06,,0.0,0.0,-0.0001593229098943,-21.81151796166891,15934.5703125,-38.38248443603515,silero,0.8426851140148603,29.160154342651367,-50.49053955078125,3.5235327027967775,4.010648015052871,3.187068225983498,77.98,0.0,0.0,28.42217254638672,segmentation,accept,
adrso003,cn,train,44100,1,PCM_16,33.62,,0.0,0.0,-0.0003089550591539,-19.410628977120627,15740.771484375,-43.68089294433594,silero,0.8266428783823967,36.90998840332031,-55.641334533691406,3.6943905470228633,4.156384760110292,3.4452445004336942,33.63,0.0,0.0,36.08406829833984,segmentation,accept,
adrso005,cn,train,44100,1,PCM_16,61.77,,-0.00026507635,0.0,-0.0007566377753391,-26.212724456279407,16494.43359375,-32.83771896362305,silero,0.7608871620527764,17.066654205322266,-42.59852600097656,3.5822227175223595,3.4927503457288105,2.951056910797232,61.77,0.0,0.0,15.906890869140623,segmentation,accept,
adrso007,cn,train,44100,1,PCM_16,26.16,,0.0,3.2069088951852165e-05,-7.483980880351737e-05,-20.322538022042263,15988.4033203125,-32.10301208496094,silero,0.7451280091708062,36.8859748840332,-56.78529357910156,3.5102962737444523,3.8054589381391386,3.0807324665746285,26.17,0.0,0.0,35.6098518371582,segmentation,accept,
adrso008,cn,train,44100,1,PCM_16,50.93,,0.0,0.0,-0.0002715224400162,-20.51654330918041,13038.3544921875,-43.90101623535156,silero,0.7698802277635971,21.2952823638916,-41.37060546875,3.322161782709957,3.283136159414566,2.668275567162709,49.91,0.0,0.0,20.25689125061035,segmentation,accept,
adrso010,cn,train,44100,1,PCM_16,22.79,,0.0,0.017987122199775,-0.0021151080727577,-10.88998947605858,15988.4033203125,-29.812700271606445,silero,0.7551557700745941,21.85761451721191,-32.814571380615234,3.281538419968227,3.343439047883588,2.6933284644451723,22.79,0.0,0.0,20.64803695678711,segmentation,flag,clip_ratio>0.001;
adrso012,cn,train,44100,1,PCM_16,67.77,,0.0,0.0029710552967592,-0.0006777913658879,-15.2258368662185,15579.2724609375,-37.48558807373047,silero,0.7688108586603718,28.5408878326416,-43.09172821044922,3.593200375677233,3.7059961221592936,3.113532567578575,67.78,0.0,0.0,27.401287078857425,segmentation,flag,clip_ratio>0.001;
adrso014,cn,train,44100,1,PCM_16,67.12,,0.0,0.0133897834405061,-0.0004354435950517,-10.728964373993543,22039.2333984375,-29.79089736938477,silero,0.7805750037241174,19.883569717407227,-30.688554763793945,3.3879515491584433,3.442080522467859,2.8301394373393336,67.13,0.0,0.0,18.820837020874023,segmentation,flag,clip_ratio>0.001;
adrso015,cn,train,44100,1,PCM_16,77.73,,-0.00026507635,0.0,-4.913963857688941e-05,-21.38885112565537,10788.134765625,-46.61198043823242,silero,0.6332175479222951,12.157769203186035,-33.99419021606445,2.790388996040749,2.518167762077277,2.030118218383751,43.92,36.37,0.1072404371584699,10.399531364440918,segmentation,flag,overlap_ratio>0.038;
adrso016,cn,train,44100,1,PCM_16,40.55,,-0.00026507635,0.0,-0.000180561793968,-21.931929793885587,10454.3701171875,-47.812557220458984,silero,0.748767258382643,15.676051139831545,-37.72916412353515,3.146191920877732,3.575968860843372,2.6934574500333817,39.49,0.0,0.0,14.530550003051758,segmentation,accept,
adrso017,cn,train,44100,1,PCM_16,72.01,,0.0,0.0,-2.794773899950087e-05,-22.453693731476985,14890.2099609375,-39.26461410522461,silero,0.7805860297180947,16.251100540161133,-38.72633361816406,3.2269409675220824,3.6875521417957535,2.775067179810581,53.16,0.0,0.0,15.30455493927002,segmentation,accept,
adrso018,cn,train,44100,1,PCM_16,63.72,,0.0,0.0003181304462936,3.1197298085317016e-05,-17.881307757405096,16548.2666015625,-31.473033905029297,silero,0.6952769496312569,15.630465507507324,-33.30400085449219,2.9576281654629866,2.81080971788058,2.2419153778088563,40.39,4.22,0.0,15.577390670776367,vad_minus_inv,flag,par_source==vad_minus_inv;
adrso019,cn,train,44100,1,PCM_16,50.06,,0.0,0.0138170156967277,-0.0005313055007718,-11.721510412484491,17592.626953125,-37.50581359863281,silero,0.8609946075494308,5.598546981811523,-17.318410873413086,3.2907371220554467,2.5136405054085755,2.3222197532561446,40.19,2.92,0.0,5.549101829528809,vad_minus_inv,flag,clip_ratio>0.001;snr_vad_db<7.67;par_source==vad_minus_inv;
adrso021,cn,train,44100,1,PCM_16,78.04,,0.0,1.1041815646427116e-05,-0.0002257560699945,-21.575460749790157,16063.76953125,-37.57509994506836,silero,0.7000256278831368,30.704605102539062,-52.38665771484375,3.4904593739138985,3.60210161156379,2.9724161529009665,49.35,6.48,0.0,30.96904945373535,vad_minus_inv,flag,par_source==vad_minus_inv;
adrso022,cn,train,44100,1,PCM_16,33.05,,-0.00026507635,0.0,-4.918196282233112e-05,-22.43963560221139,16225.2685546875,-38.87208557128906,silero,0.8045977011494253,29.558887481689453,-51.93582534790039,3.4449088143396684,2.1954015053951457,2.2463528248693456,16.93,13.22,0.0,30.421459197998047,vad_minus_inv,flag,par_source==vad_minus_inv;
adrso023,cn,train,44100,1,PCM_16,52.05,,-0.00026507635,0.0,-0.0007457875763066,-14.768743433395814,16623.6328125,-29.23429298400879,silero,0.6457252641690682,17.504810333251953,-33.316932678222656,3.14321901583195,2.9368932710470093,2.387971839549392,22.06,14.47,0.0,15.84776496887207,vad_minus_inv,flag,par_source==vad_minus_inv;
adrso148,cn,train,44100,1,PCM_16,100.54,,-0.00026507635,0.0,-4.479341805563308e-05,-22.06599445424245,11897.0947265625,-47.84633255004883,silero,0.7471904525111884,10.933965682983398,-32.42267608642578,3.512831702659256,3.741914852899095,3.067823589138346,94.84,5.07,0.032686630113876,9.98271369934082,segmentation,accept,
adrso151,cn,train,44100,2,PCM_16,60.85,0.8201034483576516,-2.995683,0.0,-9.172083082376048e-06,-33.36778940875638,15773.0712890625,-40.53529357910156,silero,0.2661846861649687,8.180706977844238,-39.857765197753906,2.508118239960393,2.6573443305285793,1.8457435638417805,49.3,10.85,0.0008113590263691,2.75801157951355,segmentation,flag,dnsmos_ovrl<1.85;
adrso152,cn,train,44100,1,PCM_16,65.98,,0.0,0.0,-8.100560080492869e-05,-28.897069002633256,15805.37109375,-31.978910446166992,silero,0.5977568960290998,8.048879623413086,-38.124778747558594,2.510071541475241,3.755766241407582,2.151498010008019,59.2,5.15,0.0003378378378378,6.164892196655273,segmentation,accept,
adrso153,cn,train,44100,1,PCM_16,107.28,,-0.00026507635,0.0,-3.942938201362267e-05,-30.91955663474184,22050.0,-32.055301666259766,silero,0.384228187919463,5.456768989562988,-39.11668395996094,2.3105569204696663,3.703073713505598,1.9894971128708656,95.3,11.82,0.0118572927597061,1.0123939514160156,segmentation,flag,snr_vad_db<7.67;par_snr_db<2.55;
adrso154,cn,train,44100,1,PCM_16,54.07,,-0.00026507635,0.0,-0.0001060602080542,-25.87245942083531,13070.654296875,-45.43574905395508,silero,0.3830220085074903,8.05809211730957,-33.2564697265625,2.490659264651639,3.909149109153122,2.2180978741568538,49.05,6.84,0.0456676860346585,4.586708068847656,segmentation,flag,overlap_ratio>0.038;
adrso156,cn,train,44100,1,PCM_16,68.23,,0.0,0.0,-8.70164149091579e-05,-25.914757441667827,15783.837890625,-35.51167297363281,silero,0.4940641946357907,21.592430114746097,-47.87257766723633,2.396148588901089,3.281691980718387,1.9691744934111324,65.17,2.78,0.0001534448365812,18.555566787719727,segmentation,accept,
adrso157,cn,train,44100,1,PCM_16,71.28,,0.0,0.0,-2.5901392291416417e-05,-26.143036904589852,10702.001953125,-45.10829544067383,silero,0.5767989900406789,8.038456916809082,-33.569580078125,3.036295442494397,3.765032219711949,2.6397235880429633,64.31,7.29,0.0164826621054268,5.997828483581543,segmentation,accept,
adrso158,cn,train,44100,2,PCM_16,68.01,0.8937188186577395,0.0,0.0002693980786715,-1.897772563097533e-05,-25.546319439876523,15794.6044921875,-22.66571998596191,silero,0.3844457512496325,5.136118412017822,-28.560754776000977,2.411203601286528,2.7255439558550085,1.8626752339132857,55.81,10.61,0.0008958967926894,2.1952412128448486,segmentation,flag,snr_vad_db<7.67;par_snr_db<2.55;
adrso159,cn,train,44100,1,PCM_16,51.14,,0.0,0.0,-8.481268741888925e-05,-24.141773083193236,15783.837890625,-39.182003021240234,silero,0.4652981427174975,14.617384910583496,-38.46235656738281,2.457358325294048,3.546013771612881,2.0754293340874534,34.72,16.31,0.0066244239631336,12.075151443481444,segmentation,accept,
adrso160,cn,train,44100,1,PCM_16,48.72,,0.0,0.0,-4.198308306513354e-05,-25.596344947403946,15536.2060546875,-41.73322677612305,silero,0.5254515599343186,14.846805572509766,-39.741493225097656,2.863471183344554,3.1427207854395647,2.2797428068703463,25.99,21.57,0.0138514813389765,13.678168296813965,segmentation,accept,
adrso161,cn,train,44100,1,PCM_16,33.27,,0.0,0.000672685624088,0.0003441216249484,-10.123907302421609,14750.244140625,-43.59431838989258,silero,0.7355769230769231,29.599964141845703,-39.28423309326172,3.4789011942962462,3.05285826905086,2.7160687897622102,32.35,0.91,0.0003091190108191,28.366662979125977,segmentation,accept,
adrso162,cn,train,44100,2,PCM_16,70.78,0.7025406071219379,-4.940716,0.0,1.3037468988841283e-06,-32.692816654536685,22039.2333984375,-13.97105312347412,silero,0.4977394744278045,7.739612579345703,-39.688777923583984,2.2146630852539912,1.746453508300531,1.5944724762188136,64.26,6.52,0.001244942421413,4.830596923828125,segmentation,flag,dnsmos_ovrl<1.85;
adrso164,cn,train,44100,1,PCM_16,115.02,,0.0,0.0,-2.5821556846494783e-05,-30.226863056488657,15805.37109375,-34.482059478759766,silero,0.6229351417144844,21.584623336791992,-52.283935546875,2.962850300906163,3.3405663557791767,2.3877073026053885,105.69,9.73,0.0074746901315166,18.96384048461914,segmentation,accept,
adrso165,cn,train,44100,1,PCM_16,58.51,,-0.00026507635,0.0,-4.370488386484794e-05,-20.847059959672382,10852.734375,-48.016822814941406,silero,0.4427546138072454,32.42355728149414,-52.740684509277344,3.3318134976975964,4.025547060657578,3.0518193538631833,53.44,4.78,0.0001871257485029,29.249753952026367,segmentation,accept,
adrso167,cn,train,44100,1,PCM_16,89.13,,-0.00026507635,0.0,-4.73551954200957e-05,-17.4582538564333,11078.8330078125,-47.68807220458984,silero,0.6148322674744755,31.608095169067383,-48.44758605957031,3.3251814626403013,3.805242604045032,2.9314476216532177,80.09,8.87,0.0004994381321013,29.86992835998535,segmentation,accept,
adrso168,cn,train,44100,1,PCM_16,92.78,,-0.00026507635,0.0,-3.5575660149334e-05,-20.07932624333216,12306.2255859375,-45.78041076660156,silero,0.5605129863131803,20.447568893432617,-39.92534255981445,3.1950559529953964,3.458853003626156,2.654363228133704,87.75,4.65,0.0001139601139601,18.112140655517575,segmentation,accept,
adrso169,cn,train,44100,1,PCM_16,40.8,,0.0,0.0,-0.0001185957444249,-21.617117570818586,15751.5380859375,-40.21907424926758,silero,0.5319774565057583,38.836334228515625,-59.949005126953125,3.2593408533378168,3.950871101579847,2.942152140295836,40.81,0.0,0.0,36.09651947021485,segmentation,accept,
adrso170,cn,train,44100,1,PCM_16,43.33,,-0.00026507635,0.0,-0.0001179962418973,-23.348874761917596,15783.837890625,-35.74055480957031,silero,0.5791416705122289,22.820064544677734,-45.91941833496094,3.096657273808838,3.70563176314057,2.6927408005270466,31.33,12.33,0.0236195339929779,21.45726203918457,segmentation,accept,
adrso172,cn,train,44100,1,PCM_16,98.22,,0.0,0.0,-7.639281830051914e-05,-21.294655997509768,10658.935546875,-44.13536071777344,silero,0.490124210954999,17.895553588867188,-38.2970085144043,3.0875339220504037,3.817928046692293,2.718522942310782,86.06,12.49,0.0038345340460144,15.306772232055664,segmentation,accept,
adrso173,cn,train,44100,1,PCM_16,77.5,,-0.00026507635,0.0,-6.845216557849199e-05,-21.754563117409248,11595.6298828125,-48.32025909423828,silero,0.5980645161290322,16.434898376464844,-37.465850830078125,3.2163848301269637,3.782699162361192,2.79663423289508,48.51,22.38,0.0241187384044526,15.983501434326172,segmentation,accept,
adrso177,cn,train,44100,1,PCM_16,78.62,,-0.00026507635,0.0,-5.0801030738512054e-05,-18.585238942968296,11014.2333984375,-47.51009368896485,silero,0.5633981940735089,20.88945770263672,-39.26877975463867,3.078141372607287,3.6553831599802225,2.6358791686060594,62.62,13.2,0.0004790801660811,19.17427444458008,segmentation,accept,
adrso178,cn,train,44100,1,PCM_16,51.98,,0.0,0.0,-3.043640754185617e-05,-16.494508933744928,12338.525390625,-46.35354995727539,silero,0.5927279722970373,21.963363647460938,-37.893192291259766,3.019842466695235,3.2317973424490556,2.4550150460393403,36.36,15.21,0.0005500550055005,21.048206329345703,segmentation,accept,
adrso180,cn,train,44100,1,PCM_16,59.14,,0.0,0.0,-3.033415305253584e-05,-18.93653301275009,10346.7041015625,-45.361595153808594,silero,0.7455621301775148,28.509239196777344,-46.98076248168945,3.279983552646097,3.178735283143995,2.6110832692375108,52.49,6.77,0.0064774242712897,27.600387573242188,segmentation,accept,
adrso182,cn,train,44100,1,PCM_16,83.62,,0.0,5.966080661952921e-06,-2.869043601094745e-05,-13.831674686053828,8031.884765625,-47.12470245361328,silero,0.4689069600574025,24.57175064086914,-37.75946044921875,2.955205777546571,3.172756075559552,2.388993902452946,63.39,19.01,0.0007887679444707,22.10453224182129,segmentation,accept,
adrso183,cn,train,44100,1,PCM_16,101.35,,0.0,0.0,-4.317245475249365e-05,-17.0930245805562,13931.982421875,-44.61490631103515,silero,0.5617168228909719,32.72822570800781,-49.257102966308594,3.425657819528038,3.6594077017439055,2.936601266888448,87.96,11.86,0.026944065484311,30.8298397064209,segmentation,accept,
adrso186,cn,train,44100,1,PCM_16,42.0,,0.0,0.0,-3.316996298963204e-05,-14.939593754515483,11692.529296875,-46.00624084472656,silero,0.6478571428571429,20.210834503173828,-34.66716003417969,3.2566267770001627,3.224702111318481,2.6362667812077305,26.78,15.19,0.0242718446601941,20.29050064086914,segmentation,accept,
adrso257,cn,train,44100,2,PCM_16,57.09,0.7150142888032563,-5.4279118,0.0,-3.475766789051704e-05,-33.64965588436278,16009.9365234375,-14.997520446777344,silero,0.4591943957968476,5.27752685546875,-36.74285507202149,1.8253326702838215,1.5415289324805317,1.4087412170109648,46.93,10.19,0.0004261666311527,2.237241268157959,segmentation,flag,dnsmos_ovrl<1.85;snr_vad_db<7.67;par_snr_db<2.55;
adrso259,cn,train,44100,2,PCM_16,81.31,0.8778386266491639,-6.767797,0.0,-1.72169359302643e-06,-27.26311135575297,15794.6044921875,-23.43408203125,silero,0.7995326528102324,14.931286811828612,-41.75321960449219,3.4011808122855007,2.589283498936462,2.4051018320228685,75.29,5.84,0.0005312790543232,14.24347972869873,segmentation,accept,
adrso260,cn,train,44100,1,PCM_16,55.48,,-0.00026507635,0.0,-2.971264984807931e-05,-26.427875823725493,15783.837890625,-38.560020446777344,silero,0.5966840872229231,13.378005027770996,-39.8477783203125,2.877871449006975,3.4922563575718897,2.400780281536409,48.87,7.56,0.0364231634949867,10.424542427062988,segmentation,accept,
adrso261,cn,train,44100,2,PCM_16,73.97,0.6456727180350753,-7.257423,0.0,2.594045724890748e-07,-35.603781094999064,16053.0029296875,-10.47304916381836,silero,0.4258483168852237,10.821895599365234,-42.620819091796875,2.372747997254395,1.8044419469033377,1.616992490479575,72.61,0.7,0.0001377220768489,7.643923282623291,segmentation,flag,dnsmos_ovrl<1.85;
adrso262,cn,train,44100,1,PCM_16,44.93,,-0.00026507635,0.0,-0.0001363564369967,-18.724170735182653,15417.7734375,-38.328094482421875,silero,0.5437346984197641,22.936525344848633,-40.628509521484375,3.446972794517138,3.239037994370446,2.7724268603550732,42.44,2.45,0.0004712535344015,20.483715057373047,segmentation,accept,
adrso263,cn,train,44100,2,PCM_16,45.05,0.7185133338741148,-4.103206,0.0,4.111953160190751e-07,-31.439981175384535,13113.720703125,-57.028076171875,silero,0.5886792452830188,9.299782752990724,-40.78479766845703,2.80159592516787,3.2245776967139306,2.242597045452587,39.37,10.31,0.1191262382524765,1.1073756217956543,segmentation,flag,overlap_ratio>0.038;par_snr_db<2.55;
adrso264,cn,train,44100,1,PCM_16,81.95,,0.0,0.0,-9.161105117527768e-05,-26.058291558777913,15471.6064453125,-36.02341079711914,silero,0.3747406955460646,21.15516662597656,-47.08786392211914,2.5962745191144267,3.9222129716128182,2.296830595629975,76.13,7.39,0.0229869959280178,16.25470733642578,segmentation,accept,
adrso265,cn,train,44100,2,PCM_16,106.8,0.9999936294947784,-0.99940836,0.0,4.618295292857511e-07,-33.67429334713549,15805.37109375,-22.549522399902344,silero,0.6892613051212433,1.7244787216186523,-33.4509162902832,1.3164967678179793,1.2643684793006766,1.174161146044765,97.78,12.71,0.040908161178155,-0.4324195384979248,segmentation,flag,dnsmos_ovrl<1.85;snr_vad_db<7.67;overlap_ratio>0.038;par_snr_db<2.55;
adrso266,cn,train,44100,1,PCM_16,59.79,,-0.00026507635,0.0,-0.0001584973360877,-34.070106484686086,18787.7197265625,-42.53742218017578,silero,0.5524335173105871,3.0476651191711426,-36.7003059387207,2.3562391158842355,3.2216438017338733,1.8625073922604056,52.14,9.25,0.040084388185654,0.4934447705745697,segmentation,flag,snr_vad_db<7.67;overlap_ratio>0.038;par_snr_db<2.55;
adrso267,cn,train,44100,2,PCM_16,46.09,0.9254276320170198,-2.0185564,0.0,-6.442655262617336e-07,-28.86823507801776,15794.6044921875,-32.30789566040039,silero,0.5511930585683297,21.573238372802734,-51.12703704833984,2.955146828215395,2.9438687945136848,2.247896444104998,37.25,9.81,0.0284563758389261,17.437341690063477,segmentation,accept,
adrso268,cn,train,44100,2,PCM_16,72.74,0.6202516081056639,-7.948336,0.0,2.341844037800911e-06,-32.33682475498266,15794.6044921875,-26.571144104003903,silero,0.7207863623865823,7.713081359863281,-39.905784606933594,2.5615079161975176,2.8507259446183246,2.1754800408033916,70.18,2.0,0.000142490738102,6.483176231384277,segmentation,accept,
adrso270,cn,train,44100,2,PCM_16,77.0,0.9999978603371952,-1.3649075,0.0,-1.1191879139005325e-06,-27.009602012665475,14987.109375,-37.78688430786133,silero,0.5187012987012987,2.703171730041504,-29.050901412963867,1.903150084645584,1.7189470414125478,1.5241108418456355,67.25,9.34,0.0038661710037174,1.8152271509170532,segmentation,flag,dnsmos_ovrl<1.85;snr_vad_db<7.67;par_snr_db<2.55;
adrso273,cn,train,44100,1,PCM_16,58.43,,-0.00026507635,0.0,-3.8601756386924535e-05,-27.162044324244775,15191.6748046875,-39.84287643432617,silero,0.686633578641109,8.751069068908691,-37.5399055480957,3.025437071402968,3.511788012436898,2.5196786165286533,52.74,4.82,0.0001896094046264,7.363292694091797,segmentation,accept,
adrso274,cn,train,44100,1,PCM_16,147.84,,0.0,0.0,-3.240079604438506e-05,-25.327286052866913,9065.478515625,-45.23048782348633,silero,0.7204599256002705,8.290068626403809,-33.21661376953125,2.92219221613776,2.946260524460622,2.269763131620317,146.07,1.16,0.0001369206544807,7.157120227813721,segmentation,accept,
adrso276,cn,train,44100,1,PCM_16,168.61,,0.0,0.0,-4.927138070343062e-05,-16.714083169766788,12187.79296875,-44.82717514038086,silero,0.83459850551536,22.19083595275879,-38.49065017700195,3.4991014017784785,3.496377697261437,2.936620165135493,161.36,6.44,0.000185919682697,21.50517463684082,segmentation,accept,
adrso277,cn,train,44100,1,PCM_16,74.34,,-0.00026507635,0.0,-0.0001130841919803,-21.85712272192144,7902.685546875,-46.1989631652832,silero,0.4035512510088781,21.636096954345703,-42.647911071777344,2.7231483698767263,3.9732158428008937,2.43296769947183,26.18,48.48,0.0122230710466004,21.368186950683594,segmentation,accept,
adrso278,cn,train,44100,2,PCM_16,27.39,0.9339196913228364,-3.985187,0.0,-1.274977563525681e-07,-23.511854422211083,15773.0712890625,-32.529842376708984,silero,0.6824817518248175,15.898990631103516,-38.53314971923828,3.4836282177483717,2.977064188142013,2.6224283202526584,24.58,2.61,0.000406834825061,14.597872734069824,segmentation,accept,
adrso280,cn,train,44100,2,PCM_16,99.57,0.3246177837887783,-5.8388205,0.0,9.028025829138642e-07,-34.17895625507025,22050.0,-27.83757781982422,silero,0.377623782263734,14.286056518554688,-47.69767379760742,2.972676828999268,3.027650581879864,2.3368243554942807,96.51,4.15,0.0135737229302662,9.346111297607422,segmentation,accept,
adrso281,cn,train,44100,1,PCM_16,77.26,,-0.00026507635,0.0,-5.343244265532121e-05,-31.435816677678588,15783.837890625,-38.82039642333984,silero,0.5536430697554031,6.597231864929199,-38.529075622558594,2.5854078748738645,3.633957186811139,2.139473764195237,75.55,1.63,0.000397088021178,4.247317314147949,segmentation,flag,snr_vad_db<7.67;
adrso283,cn,train,44100,1,PCM_16,84.29,,-0.00026507635,0.0,-4.085483305971138e-05,-28.353862512605293,15783.837890625,-41.09265899658203,silero,0.5886819314272156,22.30617332458496,-50.43010330200195,2.502885280868555,3.4454080952530073,2.060222349656855,80.57,6.99,0.0405858259898225,19.59634017944336,segmentation,flag,overlap_ratio>0.038;
adrso285,cn,train,44100,1,PCM_16,52.22,,0.0,0.0,-9.947773651219904e-05,-30.204842422138768,13748.9501953125,-41.1644287109375,silero,0.4119111451551129,6.062450408935547,-35.45316696166992,2.764185826447326,3.4968181573094266,2.2398244839966557,45.88,7.48,0.0302964254577157,2.34989070892334,segmentation,flag,snr_vad_db<7.67;par_snr_db<2.55;
adrso286,cn,train,44100,1,PCM_16,56.52,,-0.00026507635,0.0,-5.303875877871178e-05,-22.797276159219148,15794.6044921875,-37.097557067871094,silero,0.6193171767203255,25.427391052246097,-47.807334899902344,3.156146648877372,3.4868469755440805,2.65846886091044,48.45,7.76,0.0008255933952528,23.773162841796875,segmentation,accept,
adrso289,cn,train,44100,1,PCM_16,71.75,,0.0,0.0,-7.58854512241669e-05,-28.07920843968706,14976.3427734375,-43.4583854675293,silero,0.4859253065774805,15.955072402954102,-44.57647705078125,2.587382859939637,3.715177793125897,2.2246748399048046,65.02,6.67,0.0003075976622577,12.441890716552734,segmentation,accept,
adrso291,cn,train,44100,1,PCM_16,83.79,,-0.00026507635,0.0,-4.374626587377861e-05,-23.035339403945176,11746.3623046875,-46.27898788452149,silero,0.8201670644391408,12.682565689086914,-35.145381927490234,3.292362343854982,3.365258169057378,2.6877488935120004,73.69,7.27,0.0001357036232867,12.215898513793944,segmentation,accept,
adrso292,cn,train,44100,2,PCM_16,43.09,0.8394541805130672,-4.6147456,0.0,-1.781434434633411e-06,-28.40428579602155,16677.4658203125,-18.757333755493164,silero,0.3575406032482598,12.40389347076416,-38.94609069824219,1.6580836358913995,1.5919040928707369,1.3656231768379934,36.63,6.23,0.0002730002730002,8.990391731262207,segmentation,flag,dnsmos_ovrl<1.85;
adrso296,cn,train,44100,1,PCM_16,121.47,,-0.00026507635,0.0,-6.168891559354961e-05,-23.87179889106563,15471.6064453125,-42.416934967041016,silero,0.4388737959990121,0.2859047949314117,-29.140201568603516,2.5858286164648856,3.7420431212073426,2.2247331406511113,116.58,4.78,0.0064333504889346,0.0835468545556068,segmentation,flag,snr_vad_db<7.67;par_snr_db<2.55;
adrso298,cn,train,44100,1,PCM_16,75.62,,0.0,0.0,-2.3959304598974995e-05,-15.54338581366144,8344.1162109375,-47.65340805053711,silero,0.3994446648155494,24.282466888427734,-38.998661041259766,2.7258642703966336,3.6663581152197615,2.3405753565579586,74.45,1.77,0.0095366017461383,20.41925048828125,segmentation,accept,
adrso299,cn,train,44100,1,PCM_16,71.75,,-0.00026507635,0.0,-4.761442687595263e-05,-18.947682745408606,10185.205078125,-46.0652961730957,silero,0.6149128919860627,30.313735961914062,-49.234718322753906,3.1960779259775323,3.3149269632810134,2.60963633632396,59.19,14.76,0.0395337050177394,28.482894897460938,segmentation,flag,overlap_ratio>0.038;
adrso300,cn,train,44100,1,FLOAT,39.08,,6.0206003,0.0,1.649908540457545e-06,-15.795813633203684,15159.375,-43.06574249267578,silero,0.0,-97.84710693359376,-19.14259147644043,2.454187513067852,3.574648320863041,2.100112504395781,35.83,0.0,0.0,0.3762491047382355,segmentation,reject,snr_vad_db<7.67;par_snr_db<2.55;snr_vad_db<0;
adrso302,cn,train,44100,1,PCM_16,96.02,,-0.00026507635,0.0,-4.937777703162283e-05,-22.26324250500616,15783.837890625,-40.98152923583984,silero,0.8363882524474068,17.318098068237305,-39.895503997802734,3.3550793693858085,2.9099743412820547,2.5167658944800806,94.75,1.28,0.0001055408970976,16.58405876159668,segmentation,accept,
adrso307,cn,train,44100,1,PCM_16,67.33,,0.0,1.953213136638035e-05,-1.008236449706601e-05,-19.21060980138289,10852.734375,-43.94565963745117,silero,0.7543807543807544,12.138667106628418,-30.66238021850586,3.5437980035956027,2.990780065992196,2.7520584700665083,65.35,1.87,0.0001530221882172,11.047144889831545,segmentation,accept,
adrso308,cn,train,44100,1,PCM_16,82.28,,0.0,0.0,-4.718550553661771e-05,-20.26968150063726,10906.5673828125,-42.41632461547851,silero,0.5992950899368011,22.179439544677734,-41.67668914794922,3.281733291730172,3.546825567903638,2.7746804069855835,74.73,8.38,0.0111066506088585,20.31219482421875,segmentation,accept,
adrso309,cn,train,44100,1,PCM_16,57.67,,-0.00026507635,1.2582296080300211e-05,-3.1609813504474005e-06,-18.620481765450883,11854.0283203125,-44.90373229980469,silero,0.6539528432732317,21.58734893798828,-39.661956787109375,3.247842054187682,3.187630494052002,2.6310601841993497,52.13,5.12,0.0003836562440053,20.100608825683594,segmentation,accept,
adrso310,cn,train,44100,1,PCM_16,55.77,,0.0,0.0,-5.346585385268554e-05,-22.871348032997165,10605.1025390625,-45.583152770996094,silero,0.5375649991034607,14.175978660583496,-37.162010192871094,3.1198368818189306,3.5604763898687835,2.6160586374302786,37.84,18.5,0.0184989429175475,12.25201416015625,segmentation,accept,
adrso312,cn,train,44100,1,PCM_16,78.15,,0.0,0.0,3.6375179206515895e-06,-31.797432746023983,22039.2333984375,-25.715171813964844,silero,0.4711452335252719,7.503576755523682,-38.09833908081055,2.4969829556494645,1.9817359691522896,1.773171714805133,68.86,9.32,0.0004356665698518,4.068717002868652,segmentation,flag,dnsmos_ovrl<1.85;snr_vad_db<7.67;
adrso315,cn,train,44100,1,PCM_16,67.88,,0.0,0.0,-0.0001700134889688,-23.544346592053213,15783.837890625,-36.53605270385742,silero,0.4053616143761968,24.93736267089844,-47.77406311035156,2.9840341666590775,3.906164999849845,2.6249068664925574,62.68,5.98,0.0146777281429483,21.32278633117676,segmentation,accept,
adrso316,cn,train,44100,1,PCM_16,64.54,,0.0,0.0,-6.424399180104956e-05,-17.415517196085133,15762.3046875,-39.35286712646485,silero,0.5919442292796282,26.67808532714844,-43.89772415161133,3.5101562576091787,3.440430692859432,2.8894674011269696,56.32,8.2,0.0003551136363636,24.922340393066406,segmentation,accept,
